N0	health	report	Title for N0	Abstract for N0	http://url/N0	[]	[]
N1	sports	report	Title for N1	Abstract for N1	http://url/N1	[]	[]
N2	entertainment	interview	Title for N2	Abstract for N2	http://url/N2	[]	[]
N3	sports	report	Title for N3	Abstract for N3	http://url/N3	[]	[]
N4	sports	interview	Title for N4	Abstract for N4	http://url/N4	[]	[]
N5	sports	feature	Title for N5	Abstract for N5	http://url/N5	[]	[]
N6	health	opinion	Title for N6	Abstract for N6	http://url/N6	[]	[]
N7	food	feature	Title for N7	Abstract for N7	http://url/N7	[]	[]
N8	health	interview	Title for N8	Abstract for N8	http://url/N8	[]	[]
N9	food	opinion	Title for N9	Abstract for N9	http://url/N9	[]	[]
N10	health	breaking	Title for N10	Abstract for N10	http://url/N10	[]	[]
N11	sports	breaking	Title for N11	Abstract for N11	http://url/N11	[]	[]
N12	food	interview	Title for N12	Abstract for N12	http://url/N12	[]	[]
N13	entertainment	opinion	Title for N13	Abstract for N13	http://url/N13	[]	[]
N14	entertainment	general	Title for N14	Abstract for N14	http://url/N14	[]	[]
N15	travel	opinion	Title for N15	Abstract for N15	http://url/N15	[]	[]
N16	news	report	Title for N16	Abstract for N16	http://url/N16	[]	[]
N17	sports	interview	Title for N17	Abstract for N17	http://url/N17	[]	[]
N18	finance	feature	Title for N18	Abstract for N18	http://url/N18	[]	[]
N19	finance	general	Title for N19	Abstract for N19	http://url/N19	[]	[]
N20	finance	report	Title for N20	Abstract for N20	http://url/N20	[]	[]
N21	food	opinion	Title for N21	Abstract for N21	http://url/N21	[]	[]
N22	news	feature	Title for N22	Abstract for N22	http://url/N22	[]	[]
N23	finance	report	Title for N23	Abstract for N23	http://url/N23	[]	[]
N24	sports	interview	Title for N24	Abstract for N24	http://url/N24	[]	[]
N25	finance	general	Title for N25	Abstract for N25	http://url/N25	[]	[]
N26	food	opinion	Title for N26	Abstract for N26	http://url/N26	[]	[]
N27	food	general	Title for N27	Abstract for N27	http://url/N27	[]	[]
N28	tech	general	Title for N28	Abstract for N28	http://url/N28	[]	[]
N29	finance	opinion	Title for N29	Abstract for N29	http://url/N29	[]	[]
N30	news	opinion	Title for N30	Abstract for N30	http://url/N30	[]	[]
N31	sports	breaking	Title for N31	Abstract for N31	http://url/N31	[]	[]
N32	health	feature	Title for N32	Abstract for N32	http://url/N32	[]	[]
N33	finance	report	Title for N33	Abstract for N33	http://url/N33	[]	[]
N34	tech	breaking	Title for N34	Abstract for N34	http://url/N34	[]	[]
N35	food	opinion	Title for N35	Abstract for N35	http://url/N35	[]	[]
N36	finance	report	Title for N36	Abstract for N36	http://url/N36	[]	[]
N37	news	opinion	Title for N37	Abstract for N37	http://url/N37	[]	[]
N38	sports	breaking	Title for N38	Abstract for N38	http://url/N38	[]	[]
N39	entertainment	general	Title for N39	Abstract for N39	http://url/N39	[]	[]
N40	sports	feature	Title for N40	Abstract for N40	http://url/N40	[]	[]
N41	food	opinion	Title for N41	Abstract for N41	http://url/N41	[]	[]
N42	entertainment	feature	Title for N42	Abstract for N42	http://url/N42	[]	[]
N43	entertainment	report	Title for N43	Abstract for N43	http://url/N43	[]	[]
N44	finance	feature	Title for N44	Abstract for N44	http://url/N44	[]	[]
N45	food	opinion	Title for N45	Abstract for N45	http://url/N45	[]	[]
N46	travel	report	Title for N46	Abstract for N46	http://url/N46	[]	[]
N47	travel	interview	Title for N47	Abstract for N47	http://url/N47	[]	[]
N48	tech	interview	Title for N48	Abstract for N48	http://url/N48	[]	[]
N49	travel	opinion	Title for N49	Abstract for N49	http://url/N49	[]	[]
N50	food	report	Title for N50	Abstract for N50	http://url/N50	[]	[]
N51	sports	opinion	Title for N51	Abstract for N51	http://url/N51	[]	[]
N52	food	interview	Title for N52	Abstract for N52	http://url/N52	[]	[]
N53	travel	opinion	Title for N53	Abstract for N53	http://url/N53	[]	[]
N54	food	opinion	Title for N54	Abstract for N54	http://url/N54	[]	[]
N55	food	opinion	Title for N55	Abstract for N55	http://url/N55	[]	[]
N56	sports	report	Title for N56	Abstract for N56	http://url/N56	[]	[]
N57	sports	interview	Title for N57	Abstract for N57	http://url/N57	[]	[]
N58	sports	opinion	Title for N58	Abstract for N58	http://url/N58	[]	[]
N59	health	interview	Title for N59	Abstract for N59	http://url/N59	[]	[]
N60	finance	breaking	Title for N60	Abstract for N60	http://url/N60	[]	[]
N61	finance	breaking	Title for N61	Abstract for N61	http://url/N61	[]	[]
N62	travel	interview	Title for N62	Abstract for N62	http://url/N62	[]	[]
N63	finance	opinion	Title for N63	Abstract for N63	http://url/N63	[]	[]
N64	entertainment	interview	Title for N64	Abstract for N64	http://url/N64	[]	[]
N65	sports	report	Title for N65	Abstract for N65	http://url/N65	[]	[]
N66	food	opinion	Title for N66	Abstract for N66	http://url/N66	[]	[]
N67	entertainment	feature	Title for N67	Abstract for N67	http://url/N67	[]	[]
N68	tech	general	Title for N68	Abstract for N68	http://url/N68	[]	[]
N69	food	general	Title for N69	Abstract for N69	http://url/N69	[]	[]
N70	entertainment	opinion	Title for N70	Abstract for N70	http://url/N70	[]	[]
N71	health	opinion	Title for N71	Abstract for N71	http://url/N71	[]	[]
N72	sports	general	Title for N72	Abstract for N72	http://url/N72	[]	[]
N73	health	general	Title for N73	Abstract for N73	http://url/N73	[]	[]
N74	travel	opinion	Title for N74	Abstract for N74	http://url/N74	[]	[]
N75	finance	feature	Title for N75	Abstract for N75	http://url/N75	[]	[]
N76	finance	general	Title for N76	Abstract for N76	http://url/N76	[]	[]
N77	tech	interview	Title for N77	Abstract for N77	http://url/N77	[]	[]
N78	entertainment	opinion	Title for N78	Abstract for N78	http://url/N78	[]	[]
N79	sports	general	Title for N79	Abstract for N79	http://url/N79	[]	[]
N80	news	opinion	Title for N80	Abstract for N80	http://url/N80	[]	[]
N81	entertainment	opinion	Title for N81	Abstract for N81	http://url/N81	[]	[]
N82	finance	general	Title for N82	Abstract for N82	http://url/N82	[]	[]
N83	food	report	Title for N83	Abstract for N83	http://url/N83	[]	[]
N84	health	interview	Title for N84	Abstract for N84	http://url/N84	[]	[]
N85	finance	general	Title for N85	Abstract for N85	http://url/N85	[]	[]
N86	finance	interview	Title for N86	Abstract for N86	http://url/N86	[]	[]
N87	travel	report	Title for N87	Abstract for N87	http://url/N87	[]	[]
N88	finance	interview	Title for N88	Abstract for N88	http://url/N88	[]	[]
N89	travel	general	Title for N89	Abstract for N89	http://url/N89	[]	[]
N90	health	breaking	Title for N90	Abstract for N90	http://url/N90	[]	[]
N91	entertainment	feature	Title for N91	Abstract for N91	http://url/N91	[]	[]
N92	food	interview	Title for N92	Abstract for N92	http://url/N92	[]	[]
N93	finance	feature	Title for N93	Abstract for N93	http://url/N93	[]	[]
N94	entertainment	report	Title for N94	Abstract for N94	http://url/N94	[]	[]
N95	travel	feature	Title for N95	Abstract for N95	http://url/N95	[]	[]
N96	finance	report	Title for N96	Abstract for N96	http://url/N96	[]	[]
N97	finance	feature	Title for N97	Abstract for N97	http://url/N97	[]	[]
N98	sports	report	Title for N98	Abstract for N98	http://url/N98	[]	[]
N99	food	interview	Title for N99	Abstract for N99	http://url/N99	[]	[]
N100	news	breaking	Title for N100	Abstract for N100	http://url/N100	[]	[]
N101	sports	opinion	Title for N101	Abstract for N101	http://url/N101	[]	[]
N102	sports	opinion	Title for N102	Abstract for N102	http://url/N102	[]	[]
N103	sports	report	Title for N103	Abstract for N103	http://url/N103	[]	[]
N104	sports	feature	Title for N104	Abstract for N104	http://url/N104	[]	[]
N105	travel	breaking	Title for N105	Abstract for N105	http://url/N105	[]	[]
N106	entertainment	report	Title for N106	Abstract for N106	http://url/N106	[]	[]
N107	health	breaking	Title for N107	Abstract for N107	http://url/N107	[]	[]
N108	sports	opinion	Title for N108	Abstract for N108	http://url/N108	[]	[]
N109	finance	opinion	Title for N109	Abstract for N109	http://url/N109	[]	[]
N110	sports	breaking	Title for N110	Abstract for N110	http://url/N110	[]	[]
N111	travel	breaking	Title for N111	Abstract for N111	http://url/N111	[]	[]
N112	entertainment	feature	Title for N112	Abstract for N112	http://url/N112	[]	[]
N113	finance	interview	Title for N113	Abstract for N113	http://url/N113	[]	[]
N114	tech	breaking	Title for N114	Abstract for N114	http://url/N114	[]	[]
N115	sports	report	Title for N115	Abstract for N115	http://url/N115	[]	[]
N116	health	interview	Title for N116	Abstract for N116	http://url/N116	[]	[]
N117	news	report	Title for N117	Abstract for N117	http://url/N117	[]	[]
N118	entertainment	report	Title for N118	Abstract for N118	http://url/N118	[]	[]
N119	tech	feature	Title for N119	Abstract for N119	http://url/N119	[]	[]
N120	news	general	Title for N120	Abstract for N120	http://url/N120	[]	[]
N121	tech	feature	Title for N121	Abstract for N121	http://url/N121	[]	[]
N122	sports	feature	Title for N122	Abstract for N122	http://url/N122	[]	[]
N123	finance	opinion	Title for N123	Abstract for N123	http://url/N123	[]	[]
N124	travel	interview	Title for N124	Abstract for N124	http://url/N124	[]	[]
N125	tech	opinion	Title for N125	Abstract for N125	http://url/N125	[]	[]
N126	sports	breaking	Title for N126	Abstract for N126	http://url/N126	[]	[]
N127	food	interview	Title for N127	Abstract for N127	http://url/N127	[]	[]
N128	news	opinion	Title for N128	Abstract for N128	http://url/N128	[]	[]
N129	tech	opinion	Title for N129	Abstract for N129	http://url/N129	[]	[]
N130	sports	feature	Title for N130	Abstract for N130	http://url/N130	[]	[]
N131	food	report	Title for N131	Abstract for N131	http://url/N131	[]	[]
N132	sports	feature	Title for N132	Abstract for N132	http://url/N132	[]	[]
N133	health	feature	Title for N133	Abstract for N133	http://url/N133	[]	[]
N134	news	interview	Title for N134	Abstract for N134	http://url/N134	[]	[]
N135	entertainment	report	Title for N135	Abstract for N135	http://url/N135	[]	[]
N136	health	opinion	Title for N136	Abstract for N136	http://url/N136	[]	[]
N137	news	opinion	Title for N137	Abstract for N137	http://url/N137	[]	[]
N138	entertainment	report	Title for N138	Abstract for N138	http://url/N138	[]	[]
N139	health	feature	Title for N139	Abstract for N139	http://url/N139	[]	[]
N140	health	opinion	Title for N140	Abstract for N140	http://url/N140	[]	[]
N141	sports	general	Title for N141	Abstract for N141	http://url/N141	[]	[]
N142	sports	opinion	Title for N142	Abstract for N142	http://url/N142	[]	[]
N143	tech	breaking	Title for N143	Abstract for N143	http://url/N143	[]	[]
N144	food	opinion	Title for N144	Abstract for N144	http://url/N144	[]	[]
N145	health	general	Title for N145	Abstract for N145	http://url/N145	[]	[]
N146	entertainment	interview	Title for N146	Abstract for N146	http://url/N146	[]	[]
N147	food	general	Title for N147	Abstract for N147	http://url/N147	[]	[]
N148	food	interview	Title for N148	Abstract for N148	http://url/N148	[]	[]
N149	health	feature	Title for N149	Abstract for N149	http://url/N149	[]	[]
N150	entertainment	feature	Title for N150	Abstract for N150	http://url/N150	[]	[]
N151	sports	interview	Title for N151	Abstract for N151	http://url/N151	[]	[]
N152	health	report	Title for N152	Abstract for N152	http://url/N152	[]	[]
N153	sports	report	Title for N153	Abstract for N153	http://url/N153	[]	[]
N154	sports	breaking	Title for N154	Abstract for N154	http://url/N154	[]	[]
N155	tech	feature	Title for N155	Abstract for N155	http://url/N155	[]	[]
N156	health	general	Title for N156	Abstract for N156	http://url/N156	[]	[]
N157	entertainment	interview	Title for N157	Abstract for N157	http://url/N157	[]	[]
N158	food	general	Title for N158	Abstract for N158	http://url/N158	[]	[]
N159	sports	opinion	Title for N159	Abstract for N159	http://url/N159	[]	[]
N160	tech	general	Title for N160	Abstract for N160	http://url/N160	[]	[]
N161	entertainment	interview	Title for N161	Abstract for N161	http://url/N161	[]	[]
N162	news	breaking	Title for N162	Abstract for N162	http://url/N162	[]	[]
N163	food	general	Title for N163	Abstract for N163	http://url/N163	[]	[]
N164	tech	feature	Title for N164	Abstract for N164	http://url/N164	[]	[]
N165	food	interview	Title for N165	Abstract for N165	http://url/N165	[]	[]
N166	health	opinion	Title for N166	Abstract for N166	http://url/N166	[]	[]
N167	health	report	Title for N167	Abstract for N167	http://url/N167	[]	[]
N168	news	report	Title for N168	Abstract for N168	http://url/N168	[]	[]
N169	news	breaking	Title for N169	Abstract for N169	http://url/N169	[]	[]
N170	health	interview	Title for N170	Abstract for N170	http://url/N170	[]	[]
N171	finance	general	Title for N171	Abstract for N171	http://url/N171	[]	[]
N172	news	report	Title for N172	Abstract for N172	http://url/N172	[]	[]
N173	entertainment	report	Title for N173	Abstract for N173	http://url/N173	[]	[]
N174	travel	breaking	Title for N174	Abstract for N174	http://url/N174	[]	[]
N175	finance	feature	Title for N175	Abstract for N175	http://url/N175	[]	[]
N176	health	report	Title for N176	Abstract for N176	http://url/N176	[]	[]
N177	travel	report	Title for N177	Abstract for N177	http://url/N177	[]	[]
N178	health	interview	Title for N178	Abstract for N178	http://url/N178	[]	[]
N179	finance	breaking	Title for N179	Abstract for N179	http://url/N179	[]	[]
N180	sports	report	Title for N180	Abstract for N180	http://url/N180	[]	[]
N181	travel	interview	Title for N181	Abstract for N181	http://url/N181	[]	[]
N182	finance	interview	Title for N182	Abstract for N182	http://url/N182	[]	[]
N183	food	report	Title for N183	Abstract for N183	http://url/N183	[]	[]
N184	food	feature	Title for N184	Abstract for N184	http://url/N184	[]	[]
N185	food	report	Title for N185	Abstract for N185	http://url/N185	[]	[]
N186	travel	feature	Title for N186	Abstract for N186	http://url/N186	[]	[]
N187	entertainment	report	Title for N187	Abstract for N187	http://url/N187	[]	[]
N188	tech	report	Title for N188	Abstract for N188	http://url/N188	[]	[]
N189	entertainment	opinion	Title for N189	Abstract for N189	http://url/N189	[]	[]
N190	health	report	Title for N190	Abstract for N190	http://url/N190	[]	[]
N191	travel	breaking	Title for N191	Abstract for N191	http://url/N191	[]	[]
N192	travel	general	Title for N192	Abstract for N192	http://url/N192	[]	[]
N193	entertainment	feature	Title for N193	Abstract for N193	http://url/N193	[]	[]
N194	food	interview	Title for N194	Abstract for N194	http://url/N194	[]	[]
N195	tech	breaking	Title for N195	Abstract for N195	http://url/N195	[]	[]
N196	travel	feature	Title for N196	Abstract for N196	http://url/N196	[]	[]
N197	entertainment	feature	Title for N197	Abstract for N197	http://url/N197	[]	[]
N198	health	breaking	Title for N198	Abstract for N198	http://url/N198	[]	[]
N199	sports	opinion	Title for N199	Abstract for N199	http://url/N199	[]	[]
N200	entertainment	general	Title for N200	Abstract for N200	http://url/N200	[]	[]
N201	news	general	Title for N201	Abstract for N201	http://url/N201	[]	[]
N202	news	breaking	Title for N202	Abstract for N202	http://url/N202	[]	[]
N203	sports	report	Title for N203	Abstract for N203	http://url/N203	[]	[]
N204	sports	breaking	Title for N204	Abstract for N204	http://url/N204	[]	[]
N205	food	feature	Title for N205	Abstract for N205	http://url/N205	[]	[]
N206	food	opinion	Title for N206	Abstract for N206	http://url/N206	[]	[]
N207	sports	opinion	Title for N207	Abstract for N207	http://url/N207	[]	[]
N208	health	opinion	Title for N208	Abstract for N208	http://url/N208	[]	[]
N209	health	breaking	Title for N209	Abstract for N209	http://url/N209	[]	[]
N210	entertainment	feature	Title for N210	Abstract for N210	http://url/N210	[]	[]
N211	health	general	Title for N211	Abstract for N211	http://url/N211	[]	[]
N212	sports	general	Title for N212	Abstract for N212	http://url/N212	[]	[]
N213	travel	breaking	Title for N213	Abstract for N213	http://url/N213	[]	[]
N214	food	opinion	Title for N214	Abstract for N214	http://url/N214	[]	[]
N215	sports	general	Title for N215	Abstract for N215	http://url/N215	[]	[]
N216	news	opinion	Title for N216	Abstract for N216	http://url/N216	[]	[]
N217	finance	interview	Title for N217	Abstract for N217	http://url/N217	[]	[]
N218	food	feature	Title for N218	Abstract for N218	http://url/N218	[]	[]
N219	sports	interview	Title for N219	Abstract for N219	http://url/N219	[]	[]
N220	tech	feature	Title for N220	Abstract for N220	http://url/N220	[]	[]
N221	travel	feature	Title for N221	Abstract for N221	http://url/N221	[]	[]
N222	food	report	Title for N222	Abstract for N222	http://url/N222	[]	[]
N223	travel	breaking	Title for N223	Abstract for N223	http://url/N223	[]	[]
N224	food	interview	Title for N224	Abstract for N224	http://url/N224	[]	[]
N225	health	report	Title for N225	Abstract for N225	http://url/N225	[]	[]
N226	food	general	Title for N226	Abstract for N226	http://url/N226	[]	[]
N227	news	opinion	Title for N227	Abstract for N227	http://url/N227	[]	[]
N228	news	breaking	Title for N228	Abstract for N228	http://url/N228	[]	[]
N229	news	general	Title for N229	Abstract for N229	http://url/N229	[]	[]
N230	food	interview	Title for N230	Abstract for N230	http://url/N230	[]	[]
N231	health	report	Title for N231	Abstract for N231	http://url/N231	[]	[]
N232	tech	opinion	Title for N232	Abstract for N232	http://url/N232	[]	[]
N233	news	opinion	Title for N233	Abstract for N233	http://url/N233	[]	[]
N234	news	feature	Title for N234	Abstract for N234	http://url/N234	[]	[]
N235	tech	feature	Title for N235	Abstract for N235	http://url/N235	[]	[]
N236	tech	opinion	Title for N236	Abstract for N236	http://url/N236	[]	[]
N237	health	breaking	Title for N237	Abstract for N237	http://url/N237	[]	[]
N238	sports	interview	Title for N238	Abstract for N238	http://url/N238	[]	[]
N239	sports	report	Title for N239	Abstract for N239	http://url/N239	[]	[]
N240	finance	general	Title for N240	Abstract for N240	http://url/N240	[]	[]
N241	health	general	Title for N241	Abstract for N241	http://url/N241	[]	[]
N242	entertainment	general	Title for N242	Abstract for N242	http://url/N242	[]	[]
N243	news	interview	Title for N243	Abstract for N243	http://url/N243	[]	[]
N244	finance	report	Title for N244	Abstract for N244	http://url/N244	[]	[]
N245	news	opinion	Title for N245	Abstract for N245	http://url/N245	[]	[]
N246	food	interview	Title for N246	Abstract for N246	http://url/N246	[]	[]
N247	health	interview	Title for N247	Abstract for N247	http://url/N247	[]	[]
N248	news	report	Title for N248	Abstract for N248	http://url/N248	[]	[]
N249	entertainment	interview	Title for N249	Abstract for N249	http://url/N249	[]	[]
N250	news	feature	Title for N250	Abstract for N250	http://url/N250	[]	[]
N251	food	opinion	Title for N251	Abstract for N251	http://url/N251	[]	[]
N252	news	breaking	Title for N252	Abstract for N252	http://url/N252	[]	[]
N253	sports	opinion	Title for N253	Abstract for N253	http://url/N253	[]	[]
N254	finance	report	Title for N254	Abstract for N254	http://url/N254	[]	[]
N255	sports	feature	Title for N255	Abstract for N255	http://url/N255	[]	[]
N256	food	breaking	Title for N256	Abstract for N256	http://url/N256	[]	[]
N257	food	feature	Title for N257	Abstract for N257	http://url/N257	[]	[]
N258	health	interview	Title for N258	Abstract for N258	http://url/N258	[]	[]
N259	news	interview	Title for N259	Abstract for N259	http://url/N259	[]	[]
N260	news	breaking	Title for N260	Abstract for N260	http://url/N260	[]	[]
N261	entertainment	opinion	Title for N261	Abstract for N261	http://url/N261	[]	[]
N262	tech	opinion	Title for N262	Abstract for N262	http://url/N262	[]	[]
N263	finance	interview	Title for N263	Abstract for N263	http://url/N263	[]	[]
N264	sports	breaking	Title for N264	Abstract for N264	http://url/N264	[]	[]
N265	travel	interview	Title for N265	Abstract for N265	http://url/N265	[]	[]
N266	entertainment	opinion	Title for N266	Abstract for N266	http://url/N266	[]	[]
N267	news	report	Title for N267	Abstract for N267	http://url/N267	[]	[]
N268	sports	breaking	Title for N268	Abstract for N268	http://url/N268	[]	[]
N269	finance	opinion	Title for N269	Abstract for N269	http://url/N269	[]	[]
N270	entertainment	breaking	Title for N270	Abstract for N270	http://url/N270	[]	[]
N271	travel	opinion	Title for N271	Abstract for N271	http://url/N271	[]	[]
N272	tech	opinion	Title for N272	Abstract for N272	http://url/N272	[]	[]
N273	finance	report	Title for N273	Abstract for N273	http://url/N273	[]	[]
N274	finance	opinion	Title for N274	Abstract for N274	http://url/N274	[]	[]
N275	travel	interview	Title for N275	Abstract for N275	http://url/N275	[]	[]
N276	tech	feature	Title for N276	Abstract for N276	http://url/N276	[]	[]
N277	health	report	Title for N277	Abstract for N277	http://url/N277	[]	[]
N278	finance	interview	Title for N278	Abstract for N278	http://url/N278	[]	[]
N279	sports	report	Title for N279	Abstract for N279	http://url/N279	[]	[]
N280	entertainment	opinion	Title for N280	Abstract for N280	http://url/N280	[]	[]
N281	finance	opinion	Title for N281	Abstract for N281	http://url/N281	[]	[]
N282	finance	breaking	Title for N282	Abstract for N282	http://url/N282	[]	[]
N283	tech	general	Title for N283	Abstract for N283	http://url/N283	[]	[]
N284	food	feature	Title for N284	Abstract for N284	http://url/N284	[]	[]
N285	entertainment	general	Title for N285	Abstract for N285	http://url/N285	[]	[]
N286	news	report	Title for N286	Abstract for N286	http://url/N286	[]	[]
N287	sports	opinion	Title for N287	Abstract for N287	http://url/N287	[]	[]
N288	news	feature	Title for N288	Abstract for N288	http://url/N288	[]	[]
N289	health	opinion	Title for N289	Abstract for N289	http://url/N289	[]	[]
N290	health	report	Title for N290	Abstract for N290	http://url/N290	[]	[]
N291	news	breaking	Title for N291	Abstract for N291	http://url/N291	[]	[]
N292	tech	interview	Title for N292	Abstract for N292	http://url/N292	[]	[]
N293	entertainment	opinion	Title for N293	Abstract for N293	http://url/N293	[]	[]
N294	finance	feature	Title for N294	Abstract for N294	http://url/N294	[]	[]
N295	finance	report	Title for N295	Abstract for N295	http://url/N295	[]	[]
N296	health	general	Title for N296	Abstract for N296	http://url/N296	[]	[]
N297	health	feature	Title for N297	Abstract for N297	http://url/N297	[]	[]
N298	sports	feature	Title for N298	Abstract for N298	http://url/N298	[]	[]
N299	sports	interview	Title for N299	Abstract for N299	http://url/N299	[]	[]
N300	sports	feature	Title for N300	Abstract for N300	http://url/N300	[]	[]
N301	food	breaking	Title for N301	Abstract for N301	http://url/N301	[]	[]
N302	finance	breaking	Title for N302	Abstract for N302	http://url/N302	[]	[]
N303	food	general	Title for N303	Abstract for N303	http://url/N303	[]	[]
N304	travel	report	Title for N304	Abstract for N304	http://url/N304	[]	[]
N305	travel	opinion	Title for N305	Abstract for N305	http://url/N305	[]	[]
N306	food	report	Title for N306	Abstract for N306	http://url/N306	[]	[]
N307	tech	feature	Title for N307	Abstract for N307	http://url/N307	[]	[]
N308	travel	report	Title for N308	Abstract for N308	http://url/N308	[]	[]
N309	tech	breaking	Title for N309	Abstract for N309	http://url/N309	[]	[]
N310	health	general	Title for N310	Abstract for N310	http://url/N310	[]	[]
N311	travel	report	Title for N311	Abstract for N311	http://url/N311	[]	[]
N312	sports	report	Title for N312	Abstract for N312	http://url/N312	[]	[]
N313	travel	opinion	Title for N313	Abstract for N313	http://url/N313	[]	[]
N314	sports	opinion	Title for N314	Abstract for N314	http://url/N314	[]	[]
N315	travel	interview	Title for N315	Abstract for N315	http://url/N315	[]	[]
N316	food	opinion	Title for N316	Abstract for N316	http://url/N316	[]	[]
N317	entertainment	report	Title for N317	Abstract for N317	http://url/N317	[]	[]
N318	travel	feature	Title for N318	Abstract for N318	http://url/N318	[]	[]
N319	finance	breaking	Title for N319	Abstract for N319	http://url/N319	[]	[]
N320	news	opinion	Title for N320	Abstract for N320	http://url/N320	[]	[]
N321	food	feature	Title for N321	Abstract for N321	http://url/N321	[]	[]
N322	food	breaking	Title for N322	Abstract for N322	http://url/N322	[]	[]
N323	entertainment	interview	Title for N323	Abstract for N323	http://url/N323	[]	[]
N324	health	report	Title for N324	Abstract for N324	http://url/N324	[]	[]
N325	news	report	Title for N325	Abstract for N325	http://url/N325	[]	[]
N326	health	interview	Title for N326	Abstract for N326	http://url/N326	[]	[]
N327	entertainment	report	Title for N327	Abstract for N327	http://url/N327	[]	[]
N328	finance	breaking	Title for N328	Abstract for N328	http://url/N328	[]	[]
N329	food	report	Title for N329	Abstract for N329	http://url/N329	[]	[]
N330	news	opinion	Title for N330	Abstract for N330	http://url/N330	[]	[]
N331	entertainment	opinion	Title for N331	Abstract for N331	http://url/N331	[]	[]
N332	travel	interview	Title for N332	Abstract for N332	http://url/N332	[]	[]
N333	travel	feature	Title for N333	Abstract for N333	http://url/N333	[]	[]
N334	travel	breaking	Title for N334	Abstract for N334	http://url/N334	[]	[]
N335	entertainment	general	Title for N335	Abstract for N335	http://url/N335	[]	[]
N336	health	interview	Title for N336	Abstract for N336	http://url/N336	[]	[]
N337	travel	opinion	Title for N337	Abstract for N337	http://url/N337	[]	[]
N338	finance	breaking	Title for N338	Abstract for N338	http://url/N338	[]	[]
N339	entertainment	interview	Title for N339	Abstract for N339	http://url/N339	[]	[]
N340	health	general	Title for N340	Abstract for N340	http://url/N340	[]	[]
N341	news	general	Title for N341	Abstract for N341	http://url/N341	[]	[]
N342	finance	general	Title for N342	Abstract for N342	http://url/N342	[]	[]
N343	entertainment	interview	Title for N343	Abstract for N343	http://url/N343	[]	[]
N344	news	opinion	Title for N344	Abstract for N344	http://url/N344	[]	[]
N345	food	report	Title for N345	Abstract for N345	http://url/N345	[]	[]
N346	finance	report	Title for N346	Abstract for N346	http://url/N346	[]	[]
N347	tech	general	Title for N347	Abstract for N347	http://url/N347	[]	[]
N348	finance	interview	Title for N348	Abstract for N348	http://url/N348	[]	[]
N349	news	interview	Title for N349	Abstract for N349	http://url/N349	[]	[]
N350	news	interview	Title for N350	Abstract for N350	http://url/N350	[]	[]
N351	tech	report	Title for N351	Abstract for N351	http://url/N351	[]	[]
N352	food	report	Title for N352	Abstract for N352	http://url/N352	[]	[]
N353	health	opinion	Title for N353	Abstract for N353	http://url/N353	[]	[]
N354	sports	breaking	Title for N354	Abstract for N354	http://url/N354	[]	[]
N355	travel	report	Title for N355	Abstract for N355	http://url/N355	[]	[]
N356	entertainment	general	Title for N356	Abstract for N356	http://url/N356	[]	[]
N357	news	breaking	Title for N357	Abstract for N357	http://url/N357	[]	[]
N358	health	report	Title for N358	Abstract for N358	http://url/N358	[]	[]
N359	health	interview	Title for N359	Abstract for N359	http://url/N359	[]	[]
N360	finance	general	Title for N360	Abstract for N360	http://url/N360	[]	[]
N361	entertainment	breaking	Title for N361	Abstract for N361	http://url/N361	[]	[]
N362	health	general	Title for N362	Abstract for N362	http://url/N362	[]	[]
N363	travel	report	Title for N363	Abstract for N363	http://url/N363	[]	[]
N364	news	opinion	Title for N364	Abstract for N364	http://url/N364	[]	[]
N365	health	interview	Title for N365	Abstract for N365	http://url/N365	[]	[]
N366	sports	report	Title for N366	Abstract for N366	http://url/N366	[]	[]
N367	tech	feature	Title for N367	Abstract for N367	http://url/N367	[]	[]
N368	travel	breaking	Title for N368	Abstract for N368	http://url/N368	[]	[]
N369	travel	report	Title for N369	Abstract for N369	http://url/N369	[]	[]
N370	entertainment	breaking	Title for N370	Abstract for N370	http://url/N370	[]	[]
N371	travel	breaking	Title for N371	Abstract for N371	http://url/N371	[]	[]
N372	news	general	Title for N372	Abstract for N372	http://url/N372	[]	[]
N373	news	opinion	Title for N373	Abstract for N373	http://url/N373	[]	[]
N374	sports	interview	Title for N374	Abstract for N374	http://url/N374	[]	[]
N375	travel	interview	Title for N375	Abstract for N375	http://url/N375	[]	[]
N376	health	interview	Title for N376	Abstract for N376	http://url/N376	[]	[]
N377	entertainment	breaking	Title for N377	Abstract for N377	http://url/N377	[]	[]
N378	tech	report	Title for N378	Abstract for N378	http://url/N378	[]	[]
N379	tech	feature	Title for N379	Abstract for N379	http://url/N379	[]	[]
N380	health	report	Title for N380	Abstract for N380	http://url/N380	[]	[]
N381	health	breaking	Title for N381	Abstract for N381	http://url/N381	[]	[]
N382	news	feature	Title for N382	Abstract for N382	http://url/N382	[]	[]
N383	finance	feature	Title for N383	Abstract for N383	http://url/N383	[]	[]
N384	news	general	Title for N384	Abstract for N384	http://url/N384	[]	[]
N385	tech	breaking	Title for N385	Abstract for N385	http://url/N385	[]	[]
N386	sports	general	Title for N386	Abstract for N386	http://url/N386	[]	[]
N387	news	report	Title for N387	Abstract for N387	http://url/N387	[]	[]
N388	entertainment	interview	Title for N388	Abstract for N388	http://url/N388	[]	[]
N389	health	interview	Title for N389	Abstract for N389	http://url/N389	[]	[]
N390	health	opinion	Title for N390	Abstract for N390	http://url/N390	[]	[]
N391	health	interview	Title for N391	Abstract for N391	http://url/N391	[]	[]
N392	tech	feature	Title for N392	Abstract for N392	http://url/N392	[]	[]
N393	sports	report	Title for N393	Abstract for N393	http://url/N393	[]	[]
N394	sports	opinion	Title for N394	Abstract for N394	http://url/N394	[]	[]
N395	travel	breaking	Title for N395	Abstract for N395	http://url/N395	[]	[]
N396	tech	report	Title for N396	Abstract for N396	http://url/N396	[]	[]
N397	finance	general	Title for N397	Abstract for N397	http://url/N397	[]	[]
N398	health	report	Title for N398	Abstract for N398	http://url/N398	[]	[]
N399	news	opinion	Title for N399	Abstract for N399	http://url/N399	[]	[]
N400	food	feature	Title for N400	Abstract for N400	http://url/N400	[]	[]
N401	entertainment	report	Title for N401	Abstract for N401	http://url/N401	[]	[]
N402	news	general	Title for N402	Abstract for N402	http://url/N402	[]	[]
N403	health	breaking	Title for N403	Abstract for N403	http://url/N403	[]	[]
N404	food	general	Title for N404	Abstract for N404	http://url/N404	[]	[]
N405	sports	general	Title for N405	Abstract for N405	http://url/N405	[]	[]
N406	food	report	Title for N406	Abstract for N406	http://url/N406	[]	[]
N407	news	opinion	Title for N407	Abstract for N407	http://url/N407	[]	[]
N408	food	report	Title for N408	Abstract for N408	http://url/N408	[]	[]
N409	health	opinion	Title for N409	Abstract for N409	http://url/N409	[]	[]
N410	entertainment	general	Title for N410	Abstract for N410	http://url/N410	[]	[]
N411	travel	breaking	Title for N411	Abstract for N411	http://url/N411	[]	[]
N412	tech	interview	Title for N412	Abstract for N412	http://url/N412	[]	[]
N413	news	opinion	Title for N413	Abstract for N413	http://url/N413	[]	[]
N414	food	opinion	Title for N414	Abstract for N414	http://url/N414	[]	[]
N415	sports	breaking	Title for N415	Abstract for N415	http://url/N415	[]	[]
N416	travel	general	Title for N416	Abstract for N416	http://url/N416	[]	[]
N417	entertainment	general	Title for N417	Abstract for N417	http://url/N417	[]	[]
N418	news	opinion	Title for N418	Abstract for N418	http://url/N418	[]	[]
N419	entertainment	report	Title for N419	Abstract for N419	http://url/N419	[]	[]
N420	tech	report	Title for N420	Abstract for N420	http://url/N420	[]	[]
N421	entertainment	feature	Title for N421	Abstract for N421	http://url/N421	[]	[]
N422	finance	opinion	Title for N422	Abstract for N422	http://url/N422	[]	[]
N423	health	interview	Title for N423	Abstract for N423	http://url/N423	[]	[]
N424	entertainment	feature	Title for N424	Abstract for N424	http://url/N424	[]	[]
N425	sports	breaking	Title for N425	Abstract for N425	http://url/N425	[]	[]
N426	sports	breaking	Title for N426	Abstract for N426	http://url/N426	[]	[]
N427	finance	interview	Title for N427	Abstract for N427	http://url/N427	[]	[]
N428	finance	interview	Title for N428	Abstract for N428	http://url/N428	[]	[]
N429	food	feature	Title for N429	Abstract for N429	http://url/N429	[]	[]
N430	finance	breaking	Title for N430	Abstract for N430	http://url/N430	[]	[]
N431	travel	interview	Title for N431	Abstract for N431	http://url/N431	[]	[]
N432	food	feature	Title for N432	Abstract for N432	http://url/N432	[]	[]
N433	tech	breaking	Title for N433	Abstract for N433	http://url/N433	[]	[]
N434	news	breaking	Title for N434	Abstract for N434	http://url/N434	[]	[]
N435	sports	opinion	Title for N435	Abstract for N435	http://url/N435	[]	[]
N436	entertainment	opinion	Title for N436	Abstract for N436	http://url/N436	[]	[]
N437	sports	breaking	Title for N437	Abstract for N437	http://url/N437	[]	[]
N438	finance	opinion	Title for N438	Abstract for N438	http://url/N438	[]	[]
N439	travel	report	Title for N439	Abstract for N439	http://url/N439	[]	[]
N440	tech	feature	Title for N440	Abstract for N440	http://url/N440	[]	[]
N441	finance	feature	Title for N441	Abstract for N441	http://url/N441	[]	[]
N442	entertainment	opinion	Title for N442	Abstract for N442	http://url/N442	[]	[]
N443	entertainment	feature	Title for N443	Abstract for N443	http://url/N443	[]	[]
N444	food	opinion	Title for N444	Abstract for N444	http://url/N444	[]	[]
N445	entertainment	opinion	Title for N445	Abstract for N445	http://url/N445	[]	[]
N446	entertainment	feature	Title for N446	Abstract for N446	http://url/N446	[]	[]
N447	sports	breaking	Title for N447	Abstract for N447	http://url/N447	[]	[]
N448	news	general	Title for N448	Abstract for N448	http://url/N448	[]	[]
N449	news	breaking	Title for N449	Abstract for N449	http://url/N449	[]	[]
N450	news	general	Title for N450	Abstract for N450	http://url/N450	[]	[]
N451	travel	breaking	Title for N451	Abstract for N451	http://url/N451	[]	[]
N452	travel	opinion	Title for N452	Abstract for N452	http://url/N452	[]	[]
N453	news	feature	Title for N453	Abstract for N453	http://url/N453	[]	[]
N454	sports	breaking	Title for N454	Abstract for N454	http://url/N454	[]	[]
N455	tech	interview	Title for N455	Abstract for N455	http://url/N455	[]	[]
N456	entertainment	report	Title for N456	Abstract for N456	http://url/N456	[]	[]
N457	sports	opinion	Title for N457	Abstract for N457	http://url/N457	[]	[]
N458	travel	breaking	Title for N458	Abstract for N458	http://url/N458	[]	[]
N459	tech	feature	Title for N459	Abstract for N459	http://url/N459	[]	[]
N460	health	interview	Title for N460	Abstract for N460	http://url/N460	[]	[]
N461	entertainment	general	Title for N461	Abstract for N461	http://url/N461	[]	[]
N462	health	interview	Title for N462	Abstract for N462	http://url/N462	[]	[]
N463	tech	report	Title for N463	Abstract for N463	http://url/N463	[]	[]
N464	news	breaking	Title for N464	Abstract for N464	http://url/N464	[]	[]
N465	tech	report	Title for N465	Abstract for N465	http://url/N465	[]	[]
N466	entertainment	general	Title for N466	Abstract for N466	http://url/N466	[]	[]
N467	entertainment	breaking	Title for N467	Abstract for N467	http://url/N467	[]	[]
N468	sports	opinion	Title for N468	Abstract for N468	http://url/N468	[]	[]
N469	entertainment	interview	Title for N469	Abstract for N469	http://url/N469	[]	[]
N470	entertainment	interview	Title for N470	Abstract for N470	http://url/N470	[]	[]
N471	travel	report	Title for N471	Abstract for N471	http://url/N471	[]	[]
N472	tech	interview	Title for N472	Abstract for N472	http://url/N472	[]	[]
N473	news	report	Title for N473	Abstract for N473	http://url/N473	[]	[]
N474	entertainment	interview	Title for N474	Abstract for N474	http://url/N474	[]	[]
N475	news	general	Title for N475	Abstract for N475	http://url/N475	[]	[]
N476	food	general	Title for N476	Abstract for N476	http://url/N476	[]	[]
N477	finance	breaking	Title for N477	Abstract for N477	http://url/N477	[]	[]
N478	sports	report	Title for N478	Abstract for N478	http://url/N478	[]	[]
N479	finance	interview	Title for N479	Abstract for N479	http://url/N479	[]	[]
N480	food	breaking	Title for N480	Abstract for N480	http://url/N480	[]	[]
N481	tech	breaking	Title for N481	Abstract for N481	http://url/N481	[]	[]
N482	entertainment	opinion	Title for N482	Abstract for N482	http://url/N482	[]	[]
N483	sports	opinion	Title for N483	Abstract for N483	http://url/N483	[]	[]
N484	news	breaking	Title for N484	Abstract for N484	http://url/N484	[]	[]
N485	travel	opinion	Title for N485	Abstract for N485	http://url/N485	[]	[]
N486	finance	feature	Title for N486	Abstract for N486	http://url/N486	[]	[]
N487	tech	general	Title for N487	Abstract for N487	http://url/N487	[]	[]
N488	finance	breaking	Title for N488	Abstract for N488	http://url/N488	[]	[]
N489	tech	general	Title for N489	Abstract for N489	http://url/N489	[]	[]
N490	health	report	Title for N490	Abstract for N490	http://url/N490	[]	[]
N491	tech	interview	Title for N491	Abstract for N491	http://url/N491	[]	[]
N492	news	opinion	Title for N492	Abstract for N492	http://url/N492	[]	[]
N493	news	interview	Title for N493	Abstract for N493	http://url/N493	[]	[]
N494	travel	general	Title for N494	Abstract for N494	http://url/N494	[]	[]
N495	health	report	Title for N495	Abstract for N495	http://url/N495	[]	[]
N496	finance	general	Title for N496	Abstract for N496	http://url/N496	[]	[]
N497	food	breaking	Title for N497	Abstract for N497	http://url/N497	[]	[]
N498	health	feature	Title for N498	Abstract for N498	http://url/N498	[]	[]
N499	tech	report	Title for N499	Abstract for N499	http://url/N499	[]	[]
